{"cameraMode":{"drawMode":0,"name":"Shaded","section":"Shading Mode"},"sceneLighting":true,"audioPlay":false,"sceneViewState":{"m_AlwaysRefresh":false,"showFog":true,"showSkybox":true,"showFlares":true,"showImageEffects":true,"showParticleSystems":true,"showVisualEffectGraphs":true,"m_FxEnabled":true},"in2DMode":false,"pivot":{"x":93.76394653320313,"y":186.34010314941407,"z":28.54853057861328},"rotation":{"x":0.08234630525112152,"y":0.016459263861179353,"z":-0.0012522286269813777,"w":0.9965053796768189},"size":409.6374816894531,"orthographic":false}