{"cameraMode":{"drawMode":0,"name":"Shaded","section":"Shading Mode"},"sceneLighting":false,"audioPlay":false,"sceneViewState":{"m_AlwaysRefresh":false,"showFog":true,"showSkybox":false,"showFlares":true,"showImageEffects":true,"showParticleSystems":true,"showVisualEffectGraphs":true,"m_FxEnabled":true},"in2DMode":false,"pivot":{"x":0.006608128547668457,"y":2.212679862976074,"z":-0.00019598007202148438},"rotation":{"x":0.06588906049728394,"y":-0.01645132526755333,"z":0.0011788969859480858,"w":0.997717559337616},"size":1.2101107835769654,"orthographic":false}